year,month,water_area_km2,median_valid_fraction,valid_fraction_any,n_items
2018,6,50.5151,0.3076923191547394,0.9856840550260857,45
2018,7,37.939,0.3076923191547394,0.9756066395317672,45
2018,8,27.4979,0.3636363744735718,0.9709146497291704,40
