year,month,water_area_km2,median_valid_fraction,valid_fraction_any,n_items
2016,4,24.5862,1.0,0.954631260544172,3
2016,6,31.2805,0.3333333432674408,0.5994340316518422,11
2017,6,56.9198,0.2000000029802322,0.9138300723666576,18
2018,6,50.5151,0.3076923191547394,0.9856840550260857,45
2020,6,60.0854,0.4166666567325592,0.991616438014623,42
2025,6,38.2797,0.8571428656578064,1.0,64
